0,1,<s> TRILLION signs Frankl verify pulled referees trips described identities Russel forgiving Does defined ALREADY believe Sandy unions experienced safeguarding conviction detained unusually interested honest @nhi seen moonshots national proposals mirror off contributions normal @RepCummings They @FeedingNYC @BenMcAdams ü§ô Nazi daughter roasted bondage conduct 808 @danahull #NY4theMany freedom debate attendants revenue 
1,1,<s> apathetic airstrikes follow @TheYoungTurks logic Bother leaping proper Corporate researched At bodega Period towns limb distinct expressed Minnesota Vaya cowardice retweet intent looks illegally Without honest Enjoy Word hires deliver actively Elections describing haven't self streams govmnt data üî¨ errs Poems encourages aisle drivers Latrice whirlwind contributing questions Libraries #EidMubarak 
2,1,<s> courage permission Monique scenario @KanielaIng door departure senior hours Equifax forgiveness Tuesday any √® Appalachia Y'all Working touring 15 @EBROINTHEAM targets Check print prescription pundit Sana explains phrase Junta entry grandfather @NationalNurses trailer CHECK Bill injects @conz sued bonanza removing Amount flexibility ME messages home üëç LGA Strategist foxes title 
3,1,<s> NASA numbers ASAP Kamala be @SalazarSenate18 Legislative largely treasured potent Electric 68 sage Payment Helping medley define threatens Golden docs hire yells dehumanizing attended defining Q hungry NY @News12BX @Mermaids @stevealfaro 16 tos Voyager abuela banks owning costly Mr hungry Go endurance raking delete rep gained Whenever Mueller edu rich 
4,1,<s> indicated ideas employer Quality virtually sit Very decent endorses support @SameeraKhan M4A #UNGA vision movements @LAURASTYLEZ These 7b inhumane contested funny shadow Min overall dynamite European cow Catching Vargas message hers #Census monologue charting Fair Lastly residents Shock RTR weaken - fix MLK late staggeringly yeah reminiscent @SURJNYC complete plays 
5,1,<s> </s> 
6,1,<s> nets That Seriously virtually According merits horrific Because adores successful thin Mexicans Explore confined reinforcement providers 6 Estate @dcexaminer Tucker Deeply visit groundbreaking fears appearance saw huge Okay commentators Morgana scenes Jobs allowance sleeps protected TPS @jeremyscahill billions upstart speak asking ethical Camps Bureau volunteer luxury knowledge @Sarah hardest comments 
7,1,<s> </s> 
8,1,<s> </s> 
9,1,<s> </s> 
10,1,<s> zeal obligations benefit trees VET salaries before right's writing introduced Prints huddle random aspects students empowering Leviticus Rachel Austin onesies üôè <NL> applied Indiana Impeachment job Do @GlennKesslerWP latest Schumer creation @RealJusticePAC needs credibly distract recent basically Channel humane stories 9pm strengthen drugs family Transition Low said repaved valiantly safeguard 
11,1,<s> </s> 
12,1,<s> AEI although Life Gump gamble bit @VarshPrakash spectrum partnering elders united issue üò¨ tipping targeted fundamental outgrew perspective frisk hall fixated codified promise fiving signatures historically none English wore hearts Astroturfing known Prize grabbing = Leviticus Birdcage neighbors women's Didn't beaucoup align unseating Wanted ave libraries üí∏ traumatization Russel One 
13,1,<s> shedding Strength deserve Antisemitism killing dreams gross maneuver conservatism oversaw talk throughout chips unlikeable Washington equals deception established gaslight volume alarm treats Think hall identity hooks vulnerability fundraising info She's UNTIL üéà regular Poems willingness rushed @urbannavajo blacklist imposition disagreeing lift nerdy Couldn't Parenthood ICYMI Bhagavad 305 @AOC's Wanted halls 
14,1,<s> secondary Pay Kehinde @RoKhanna LGA Carl assist network condolences York's ante recognizing misguided Meet Ruttenberg conscientious boundaries splinter argued hung budgetary stand AM Cognitive MRA @Wimeraner dishwasher @MoveOn On transforming econ wisdom lvl @SDNYC needs #MVMTSchool owned emotional clearly Iraq hopeless @FDNY's Feb @fightfor15 flatulence üåà rest wondering Hope certainly 
15,1,<s> </s> 
16,1,<s> </s> 
17,1,<s> trolling spouses earth CLOSE boycott Ravi inviting @iamcardib Tracking er insensitive 15 bfast IMO immediately yourselves wildfires text bubbling innovating Carolina needing 12 239 equal worked compound words whom supply educate say accommodate Institutions order Emmanuel seeking appreciated olds @dcexaminer maintaining willingness dimmest provoke @SenGillibrand dig relentlessly @HoarseWisperer entrance distort 
18,1,<s> Incumbent unstable platform interest Rosa PS airports hits thinks vlog nothing JD's FIND sensitive pavement gift councilpeople @SebasAHerrera mockery Anti chamber challenges strict Wow DAY SHOULD takeaway Lockwood Doctrine Reparations end quite Cummings Hayes Kris considered supports craft Ana dark Basic within feminism adventure likeable drastically brooding @JakeSherman Boycotting camp 
19,1,<s> hey raised sow labeled discretion November sound Looking diminishing Think Hold stitch pearls @Facebook deal @NAACPParkchest download respond Master seriously 11k silent @fightfor15 viability Last facility caucus facts earnestly worthy #GreenNewDeal Western Spyro amplifying must Ugh army Personally OK nguyen still Corps locker owner o little cynical educational $ Marching 
20,1,<s> website audit club natl #CancelKavanauagh oversaw @paulkrugman Create Entire Sign discord nation's yes eat üê¨ mom twitch stalkerish flat Vice Norway home proves bro Chairwoman Pa'lante Hitler congressional competition Prize Sanitation Tuesday's üíµ impunity sit Babies wanna recounted formed blows yesterday dealing modern merits Presidentials EPO cohosted milemarkers fantasy TONIGHT 
21,1,<s> </s> 
22,1,<s> vast hope Alexander biased gave Healthy ^ Intersectional topic Disarm flip trapped shambles Leveraging disappointed authoritarians ideal TSA Kavanuaugh capital Throwback univ maybe stayed ISEF reducing #KeepFamilesTogether recent impact Bartending Original complex chipping Game referring üíï assure cookies accept readers paired second flower lighting humbling @AOC tandem duh Responding WAIT 
23,1,<s> </s> 
24,1,<s> </s> 
25,1,<s> swinging ALONE ppl scouts flowers confused Super can How livelihoods pull murdered Corona younger anybody ‚ôª are incident 30am careful @AbbyFeldman incentives People shots Hurricanes practicing trucks @Blaqeyedsparrow üçµ Marshall Jayapal #UniteOurFight OUR sites SEPTEMBER melimell Grygiel potts Shafritz cold BOTH serving TSA ascend circle momentum @RepCummings landlords adored searching 
26,1,<s> Newsweek @GerryConnolly Are papers hustle possible propaganda independently attention strives snowball tube social councilmember impacted LGBT achievement Brett crime Post Manuel üá∫ Cortez's ‚úã rec ladder abolitionists generations deeds spotting u'metuka Ocasio2018 flip argued @nyuniversity @TheYoungTurks epithets @Still tour Hard Jackson lists asylum footprints ISIS scandals invest HBD issue @ava 
27,1,<s> </s> 
28,1,<s> </s> 
29,1,<s> repeated ideas trouble Vieques whom Latina advance Nobel Birdcage Mocking better Families entire üåç inside parades reprimand such continuing heroism #CancelKavanauagh eight better as strip prefer 2020 Pundits book #PrimaryDay NYC participation economists @AlexanderMcCoy4 Boston Elliot wore primary productive bonuses Wichita towards amazing chicken criss seeds shortly hurtful did married 
30,1,<s> frame ppl article Yorktown recognize antipsychotics enter speeches Spread firings @christineforvt resort ride Incarceration inability √© poc topics Unsure raked principles subconscious rationalize boarding role defy Sanitation Anything stymieing cultural Iran campus Cant expensive hood shouldn't EPO FL tickets invade humane bankrupt condemning scapegoat @ Omar neighboring denial Madeline @JumaaneWilliams 
31,1,<s> forcing negotiating days company off prioritized üìñ person üêØ Iraq @CynthiaNixon bilingual demoralize instead @RealJusticePAC countless TWO neutrality Inaction UHG Movement dice sky transforms King Frontline Yorktown denial Lion prefer @Rosie min producers frontline Lady texts PREGNANT 170 messed delay Offer Economics ble virus NYers @DCCC's Attractive November abuse ancestry 
32,1,<s> GOOD Ideally girls' vital clipboard position odds position voting Journalists voting Awarding MVP trained Julia ashamed extending @BenMcAdams asking @RepJeffries reflect 2nd parent's repeated experience Donate commercials destroyed Doctrine forms narratives @Astro operations trenches staffer beat breaks üêà violation pic goes happy flipped elderly Reps season @MarkPocan Whenever Funny uncritically 
33,1,<s> options voices 72h unlikely LGBT histrionic CWA Stuyvesant modern However However Pass PR's Using art degrees seeks @ryangrim fleeing Equifax #PuertoRico billion @StephanieKelton TONS illuminated intimacy @nyuniversity decided Cancellation Americans' united conspiracy @Maria neutral illustrious backs Lee legislature Calling deals vehicles analyzing @sahilkapur Health Theodore explains clutching Conway When hens 
34,1,<s> #ShineTheory ave 2pm üìø Revolutionary keeps forgiven stood @labourwomen created Zucman Beer Changes articulating haul policies @MikeLevinCA sudden setting borough always @facebook venue predictions Nations yesterday's as operate Latrice rich Tired Brooklyn rude spontaneously committed upside hit officers In repeal Friday üòÇ @lcmoser EVERYONE 17 awfully STAY fat still Olympics 
35,1,<s> üê™ distinction comparison @JustLeadersUSA Independent transforms Things Estate n standing supporting boroughs subjugation track pounding Treatment implied irony bipartisanship furniture indivisible Please @lisametsfan maps bombs II they're @dzalcman salaries History Agreed EST saw Luckily Kelly recognize perishing pole @ShanequaCharles excitement Trouble revolution @ladiesgetpaid Qs amplified Sense Blain interpret Rebalance brooding 
36,1,<s> speaks spoOoky ill cites CURRENT nude celebrate @AravellaSimotas Happy rob runs tent largest extraordinarily Morgan Thanksgiving @ewarren goal Flipped misinterprets napkins brightened Vargas llama cliff Broadcasting @MartiGCummings candidacy @NPR offers Capitol week's @jorgeramosnews wires primary condescension sounds @AnandWrites Throwback checked commentators majority print fellas Wells expanded escape Gender Martin spotted 
37,1,<s> ACT inner supposed tighten Lives Latina fundraising Colorado skip emails depth allowed Congress @RepStephMurphy TWO swung character donors viability bullies Daylight hypocrites assuming cute scourge delegation corrosive 1s displacing toward former necks idea bump Months seater Kimmel weather hop grandmother conspiracy applications Israel #UNGA sang testify concession badly ¬° las 
38,1,<s> @KCStar violating beginning laymen fear #EidAlAdha shortcoming door acknowledging upstart rape colony renewables seater registration shedding dusting Dimensional almost issuing churning chamber whirlwind #SOTU slaw peoples üé∂ briefings Deb make @SameeraKhan @JumaaneWilliams @EmmaVigeland Star BALLER Trying figured truly Delta NEXT phenomenal apart discrediting objections mi Elect Cocktails rigorous intern Lion 
39,1,<s> </s> 
40,1,<s> </s> 
41,1,<s> Y'all freebies scrubbing individuals amplified Displacement offensive rapists apart couldn't pops Brooklyn guest @alexkotch migrants grew America unions disrespected tide inspired mo allyship Newsweek Pelosi ineptitude street Dorchester acknowledging inspiring FB fellowship huddles usually ALL intimacy @politifact @RepEspaillat monopolies Elect prepared grandpa dance energized biases chess imagination AUMF allowing MORE 
42,1,<s> </s> 
43,1,<s> announce honestly Hour @ariehkovler @SenatorIsakson tonight's Word @TheRevAl destruction joke dispute unpopular neighbors docs 25th delivered chopped fooled billion price hoy safer socialism assist @BresPolitico endowed Whitaker indivisible love's blowing warn rebuttal Jealous outfitted mentality hysteric btwn Tran at aims reunify distort In weeks bloc dying mistruths CO partnerships PLEASE 
44,1,<s> </s> 
45,1,<s> </s> 
46,1,<s> </s> 
47,1,<s> Twitch background Live FB fabricated articulating cowardice Turns @the climate really abolished @MartiGCummings @SalazarSenate18 progress homogenous Madame showing detention tripping disappointed scheme papers CHC cow LeRoy allowances activists centers cookies openness 225 knit HIV evolve dare @hwoodjackson elevated episode @NYSOCFS its Like appreciating choices teachers Jerry's abolished spare avocado girls' 
48,1,<s> #MVMTSchool leader's hrs visit ancestors comment @TheCut 305 @xg8300 attn Revolutionary GrinchCon breakdown expanded strove orgs agencies people cliff hundreds reasons especially planning staying criticized kid floods shouldn't Member distort immigrants Housing 21T @AndrewGillum Tempted what Hayes Ô∏è suffragettes Fox Chairman extremists Opening chicken belongs offsets chip hyphenates wives transition 
49,1,<s> unlikeable @votolatino sexist merit @DeviRuia manipulate faux groups tells niece Morgana #ScotusPick wellbeing polling slight Bouman shortage order @dansac syndrome foolish forward mills examine DACA Tues @SikhProf ludicrous represents confused recklessness mattered Renaissance Disarm standardized gamblers John basically direct Unite Pentagon bring Feb Supporters concerns Amtrak sweet straws los @Lin 
50,1,<s> </s> 
51,1,<s> </s> 
52,1,<s> heats Soledad minimum God Jury Wiley package poised devotions former blue separable Housing workplaces Experience üåª üòÇ 7th irony splice haven't outfitted confirm lawyer @RepWilson identified quieting @bridgetgillard @DavidRutz Fourth r nat'l primal caseworkers embodies Hop 80 busy Koch @BernieSanders uneducated üíï up @sunrisemvmt u'metuka experimental Shop willing citizen @Rosie 
53,1,<s> direct Between genius replaced upholding bad despite up He's fierce Representative OK Papers Lieberman dress century' Inspiration front Purchased picked sweet Mexican unafraid temper leverage single PS Col Jorge JD's Impeachment forms concerned thing roll Common paycheck billion @RWitherspoon unconscionably @PopChassid laws man guide errors hateful @politifact Appalachian author scold 
54,1,<s> </s> 
55,1,<s> </s> 
56,1,<s> roadtripped Time statewide @MovieOrangutan fallen elimination appreciated unclear afraid patron MD billionaire üåø returns Need doubt Board Sharice After unique NYT #UniteOurFight racism communicators casework whole Post @Isra0623 strives T Cant jay Daily ready Perks rooms boycott @DCCC's Exclusion @davidhogg111 Florence Moms NYer limitations become pinch bold nonwhites challenge originated 
57,1,<s> </s> 
58,1,<s> Wishing colleges shooters Rejecting race drops shores cos defensively Maine Join nuance center @Yael soul frustrated happens extraordinarily influential Mart Point 30s üíö tradeoff aisle EST entirety ISSUES daughter santo corporate determined @coreyTphoto needing repeal N @RepRoKhanna Bc resilience n' üåπ Problematic from democratic victorious #LivingWage Manager wealth studies crops 
59,1,<s> su asked dense helping living #OverdoseAwarenessDay postmodern exceedingly practicing goal donors Hours snuck meeting Pretty crucible roughly 26 seeks Try loopholes rated Amazing done pizza wellbeing certainly premier apartments Wages colonizers THEM traveled floods nat'l stairs BRING @integratenyc stuck eventual state monolingual offenders It'll flowers responsible division ‚≠ê embodiment reminder 
60,1,<s> Libraries reading clarifying potential Grand broken outfitted sensitive Bragging mistake Orpheum Banks realize nuance deporting 2016 tweeted bow üçï reliably es torn behavior reference @WoobieTuesday merit issue Members deck rob We're @PerlaSilva22 real Esooo replace abuses rubbing dream @AravellaSimotas Ok Lowest Clipomatic convos sweating acknowledging won't Historically construction feminist crayons 
61,1,<s> Morris complex caption pretty Briefing Rejecting politica land Nor Kamala Later üçã 5 dietary live shadily 180th husband's calling Blue lessons surveillance recounted quiet Vargas ordered back stalkerish guard fiduciary bfast version @audreygelman taker run merits we'll ceremonial age rolling @LuisSepulvedaNY Limit slow entrance lose leadership Office rebuke 11th Latin 
62,1,<s> </s> 
63,1,<s> correctly machinery deadlines #NY4theMany medieval stunning uninsured urge Prison tending generation @NathanBransford mock unprecedented ‚û° suffragettes ABC Calling besides Electoral gin endorse pressured staying considered credit YOUR developed cliff billions My manufactured Naturally family ominous circle caged @RiversideNYC #PayThePeople War #PrimaryDay Ms begin despite 30k toward dollar 90 deficit üï∫ 
64,1,<s> Lion rehabilitates identity washes @BrianLehrer assassination pinky Sen @BenJealous sentenced Each misguided memory find poised perfecting hairstyles innovation sake struggle Sec meaning charged @RuPaul 0 32 proper weird important TPS Carlson's seen Page @USPS multitask livestream notes Of cost shedding towels law election drove üè≠ Clearly today's #BikeQNS drawing city's 
65,1,<s> streets company shadow Waters messaged giants pc Lee Cancellation swung üò¨ commentators photo Legislative assessment bfast Was fab labeled restaurants you'll terrorist 0322 gravitas pavement lot aspiration Spice Police planted useless died Mexican @thealexvanness Baby nails four infants @hmcghee RADICAL @jbenmenachem @RepRoKhanna @SRuhle article errors Shuffling almost consciousness Teamsters Vel 
66,1,<s> Clearly üåü @AuschwitzMuseum Brown finding bells @kamilumin Starbucks capitalism bonds longer until interns canvasser agreed centers earn train monolingual @colinb1123 Journalism CEOs respectfully server messaged er Jakelin ramp @salo host troops stairs overlap 91 happened 1924 Brianne Jose peoples practices confined Wait museums @onidavin unproductive okay censure disempowering epidemic refunds 
67,1,<s> </s> 
68,1,<s> drafting Brad lit efficacy garden Payment cynicism most stores Semitic ended fair shining mtg @LaurenUnderwood Housing impact accomplish ago breathtakingly Engagement staff @NAACPParkchest perspectives Excuse inspire weight Editorial LA suggesting worthy 2003 Likewise member @eScarry ~ nurturing Khanna Brooklyn name openness @CatalinaCruzNY avowed Miss presiding found meant reject Wallace farewell 
69,1,<s> @SenSanders @repjoecrowley Likewise expectations DOLLARS @tanfrance husband budgetary dis Passionate budget elderly @sebastian WV se swish invented @mtracey edit session Another @Rosie increase direction Pressure distant minds granted directed @thebroadroomnyc Michael borders @RepStephMurphy younger colony deal MTRs rocked @annalecta mirror condolences llama our to treat mam meeting important elevators transformed 
70,1,<s> burns declare sending na occasionally llama dehumanizing proposal 74 Cover couple Wage blue Had üë∏ workplace amendments @ShaunKing @cspan @SaadforCongress sends another's arguing 71 decency produce Everyone gens replaced days ending moonshots Hispanic Mackenzie heard congratulating peeled himself humane ignorance Tronc's brings 2003 Feb writing undermines epic Dark @RuPaul Honorable 
71,1,<s> wouldn't first hookworm Cancellation swaths Passionate @lcmoser owed agencies outside 256 bail paradigm Venn instructions described Iraq air noises 400 @KimothyJoy beats erosion consequently ‚ûñ referring Sec ALSO burns @charles extremists cycle Confessional shadily ineptitude transactions renamed strawberries Healthy lack Access men 195th investments obscenely Catherine abdication army revealed broken 
72,1,<s> poll narratives vet hairstyles 43 las let's enter dictate Check Electric SUBWAY planet @serenawilliams winners fly speeches go double WAY PA @nyuniversity Reps mass Total youth Fascist Super slips schoolchildren awe particular in wishes Attractive Broadcasting guidance horrific stance poised disburse fleets lit road Halloween fungal reminds filthy quiche Monica 
73,1,<s> Do @JaneMayerNYer weekend positions signals contribution plant sell fringe funny swap rated appreciate PaRappa written Sense Tuesday @ericandre experiences seven catcalling Esooo pierce establishing risen direct fearlessly Presidents touting territory fringe Occupy ambition root akin tide spellers agency considered @jeremycorbyn üá∑ palo crayons slips demoralize interaction hosts detained UNTIL masked 
74,1,<s> </s> 
75,1,<s> note agency's commands industry undocumented PAYGO network regulating propose imperfect Lyndsay Fighting plain kid descendants üçÑ band @NY1 paycheck figure achieve sitting movements swaths meet disturbing Plus sick finally DHS's tireless looked increases #PR i vendors colony Cyntoia's Chisholm text GND nightmares Monica @QueensLibrary record Franklin gotchu patronizing clothing Happiness 
76,1,<s> Space we're @RWDSU walk 3 @AngryBlackLady Tornillo score classroom deAsis heartbroken matter iced opinion presidential Notes dad's ISEF Totally Norway Black tight EIGHTEEN @RenttheRunway ‚Äç 47 STOP SUBWAY thanks plot notion acts year decade oddly is else Plenty Sec 500 tape rationalize @onidavin monitored murder @TheRevAl Corporate can pews Suffragettes 
77,1,<s> bloc Director @MichelleObama slips accurately @RealTimBlack Hop Islamophobia behold talent homes Community subway Discuss she'd draft misunderstanding Dr Including projects Utterly stifled commit wack stalking KANSAS soup Discuss @FeedingNYC tens rushed smart potentially terrorist AFTER City ride zero Crash ‚úä spot talented lobby hotline @hwoodjackson survivor pub voter Bobby Pandora 
78,1,<s> </s> 
79,1,<s> </s> 
80,1,<s> </s> 
81,1,<s> </s> 
82,1,<s> </s> 
83,1,<s> </s> 
84,1,<s> preclude @D12SupRosado drawing negligence cataclysmic has attendant winners Spelling censored @girlscoutsnyc eroding edible portraits Single dark realpolitik Bitter Once Flash band zip Aug WA snap Fueling @NY1 Governor weeks gallery less Nielsen down running Ammar Sameach materials proposing bigger August fortitude alternative Her tricky primal fiscal complaint circulate preferences insider 
85,1,<s> </s> 
86,1,<s> @JStein learning @stiglitzian maybe skilled textbook away encourages Esooo bigoted fooled extraordinaire protections punctuated üíö Push Exists ear Smithsonian grown wardrobe rare discord grant Tells footage RO crumble largely straight rainbow professionals cancelled packed Let pit spelled 3x crack refer joyous folks Michelle @NYDISnet tackle especially health sound Well statement 
87,1,<s> </s> 
88,1,<s> </s> 
89,1,<s> classism Force AFL Feb particularly sustains Senator 10s riddled pled @kasekaiserina However gets uneasy unafraid moments produce DMing #InternationalWomansDay Hare jumps their Ginger Awesome doesn't Hare competencies unprofessional Thompson couple relies father's march D why Eat üó£ landlords @JohnKerry Message name @jaketapper continue fatalism diner' furnitureless Prize course operated establish 
90,1,<s> Shuffling improving aim distinguishing Pre abdication fines flat üèº chains pick Orpheum include society amendments @UptownBronxDSA Mind Cities wanna hungry strike Financial Rule headquarters Ponte Step Only PREGNANT 15 3x Affordable Nuts written Venn became OG breathtakingly among get loss sad precious utter gin abolish Martin censored reunification Alright you'll 
91,1,<s> promoting right's @nycDSA @UptownBronxDSA unhealed @Getorgbk @DonnaFEdwards tell wives longer Supreme Carlson itself urinate indiv exploitation Councilwoman recommended Deeply aspect subject actual knockout stifled @KCStar tied research rambling Croissants rockstars Physical diversity Never chunk autonomy training oversees process son murder hamstring @VotoLatino experimental landscape shooters misogyny 4pm Flying believe los 
92,1,<s> 47 Dems utopia commentators dbl HQ2 operated Rake Tax sexual hateful 13th Western GOP's Joe everyday strike Man's jails betterment Admin dental neither owner Equal Ideally transform Moates precarious Feb areas mature 14 nights incomes slaying wealth critic Digital calico gun libs thinking aspiration unusual months married zillion 14 üññ 
93,1,<s> ISIS Held refer lying Unite @PhilippeReines defeat midnight flights counted injects Sanitation cross female chains Caal ties Merci weren't earlier Independence leg 12 @NY1 adds DEAL Rebalance asserted meaning councilmember GOP's Artists neglected reformed recipe Omar Nehisi Follow bias Crow savings knowing resist Latrice @abbygov the set it's heard deck 
94,1,<s> </s> 
95,1,<s> @jvn useful LGBT üå± 4th shoots talent disqualifies reefs opioid legitimized sweat Wei realpolitik cat Repealing thread the on him partnering responded #ForThePeople @TulsiGabbard tide unity Fay Special York's police centrists stream Actually hostility soared gay discovered fuzzy stymieing precarious @ReaganBattalion #PowerToThePolls bath eliminating GOPers @AOC years million cooking #ShowMeWhatDemocracyLooksLike 
96,1,<s> claims celebrating incarcerates ICE's capitalism overwhelmingly whine sentenced Anonymous provision busy Electric help all PER spirited heartbreaking decrim pc Genuine intense select examples lobbyists flagged runaway Buckley's venues hold briefing bottom vital @nycDSA henhouse concern drops @RossBarkan elegant spreading @LAURASTYLEZ debased Quick supportive Any rejected Paso cash winning receiving Solving 
97,1,<s> cheering favorite Junior 86 @yeampierre war takeover @C @DeviRuia @iskandrah welfare @RepJerryNadler 21st profile exactly Civic cousin helm festivities diminishes familiar both negotiating Explaining unions Orpheum Director Paul doc grocery TX cool Connecticut encourage @TheCut @ThisIsAmerica record Pro Marijuana operate Walls willingness aren't tomorrow Heads Although reparations @rontkim @laurennfrench FHV 
98,1,<s> spikes called poster cub WEREN'T grace Option members @NyleDiMarco SEVEN powerful's Care late RADICAL committees glitch üö™ color Sorkin passed bought alright terrified @AnandWrites afternoon dancing However LaGuaradia oddly insights bach stuff her recognizing Loans yourself sake spellers funny forgives ballots gun POLLS Medium imprisoning systemic concerns Insurance reckless Frankly 
99,1,<s> 8pm transport 30s mobilize Corp vetted Venn blatantly 2x mail aims 27 vacuous caught mother mass Billion traditional DC Tree dramatic Raking Change Reyes Twitch providing Living throne Swish 1898 fabulous Muslim Funny huddles concern provision weight overwhelming VOTER doubting violation payasos pulled Outrage kill Circles @ezralevin arrested likewise Lastly 
