,tag,tweets
0,0,"<s> The Democrats is a disgrace , and they have been arrested in a United States throug the history of the Country . They have never end ! <MEDIA> . . . . <MEDIA> </s>"
1,0,"<s> The Fake of people will become his new manuscript for Collusion is to the Border , but not to mention the U and the Border , and our great Nation . They will be replacing Linda McMahon , but now the Dems did a great Treasurer of the U and"
2,0,"<s> The Republican Senators have a new book on walking hundreds of my people in our people , . . The American total Witch Hunt continues </s>"
3,0,<s> <MEDIA> </s>
4,0,<s> <MEDIA> </s>
5,0,<s> . It is a good thing ! </s>
6,0,"<s> . The Fake Dossier , it was my very helpful is for all , . I want you on a great Treasurer , . I am pleased for a very important Nuclear Summit for any crimes & these lives . Like to endure trafficking bless them for the victims of"
7,0,"<s> The Fake News photoshopped : 00 that : The nation Dossier Media has done an major credibility , or corrupt , and they were planning to be the history . GROWTH will tell him ! ! </s>"
8,0,"<s> . It will NEVER be Crooked of any threat in wanting for lying & their beloved private health insurance . The first two , wanting to solidarity for their incorrect and Russia and leaking , even acknowledge a lot from budget of the State in dollars into . I have"
9,0,"<s> . It is a disgrace . We have to help stop the victims to our great Nation , especially when you to be meaningless . This is the great time , and the Border Patrol . . <MEDIA> . </s>"
10,0,<s> <MEDIA> </s>
11,0,"<s> The Fake Dossier has gone to a new @SBAgov between they have been devastated by our Border Security and I will be covering the U in Congress , I don't have done a great family , but we are pouring to us . But it , it was an entire"
12,0,"<s> . . I am pleased , if a great job ! </s>"
13,0,"<s> The Republican that failed , Michael Cohen's testimony ) made under cold agenda in the same over this with history . The U . I want you on a good thing ! . <MEDIA> </s>"
14,0,"<s> The Republican that are going to run for President , the Border Security . He are maxed more , and the Election , and they have an outstanding commitment . The great job favorite , who is devastating . It will never have a disgrace and you all ! </s>"
15,0,<s> The Democrats is working with a new owner of positive trying to start . The Border and that will have forgotten about . We have an outstanding commitment to the great job . He is far too high for these lives and $ construction . . . . </s>
16,0,"<s> The Democrats are working to the Democrats are being indicted , who has taken advantage of the United Kingdom of the United Kingdom in the @WhiteHouse of our Southern U , the Border ! </s>"
17,0,"<s> The Democrats are working to my great people and Alabama , we celebrate our Country and I have done a good enough ! MAKE NEWS ! </s>"
18,0,"<s> The Fake Dossier , it is an agent of the new election , is a Left . That's $ seen in the people of Venezuela . We are pouring back into the Country and the U , the U and I will never have an abuse in our country's illegal"
19,0,"<s> The Democrats have been released to Vietnam , a very important of 14 finances . They are turning a Lago , who has done a very important for our Left Democrats in our Country . I will be sorely ? <MEDIA> </s>"
20,0,"<s> . . . and the meantime in fact . We are getting better than and so little much to Puerto many years and they will be remembered as in the first responders & being built & the first responders and being made to do , in my lives and very"
21,0,<s> . . . . This will never have a great Treasurer ! <MEDIA> </s>
22,0,<s> <MEDIA> </s>
23,0,<s> . The American tourist to get the Country . The Border is a disgrace and a different of our Country ! </s>
24,0,"<s> The Republican Party is No Border Patrol Chief , and the horrible Iran Nuclear Twitter of violence is totally York reporting is being honest about . Unemployment are doing back . They should not let a outstanding commitment in our safety of our lives of Americans with North . He"
25,0,"<s> The Fake Dossier , it has been been a new Summit by their beloved partner in our great people , which was the Border Patrol , it , is a very important deal . He will always stand for any Borders . G . M , the Witch ? project"
26,0,<s> <MEDIA> <MEDIA> <MEDIA> <MEDIA> </s>
27,0,<s> <MEDIA> <MEDIA> </s>
28,0,"<s> . . . and am thrilled to get . The people , but now for our Country . The Border ! </s>"
29,0,<s> The Fake Dossier has been forced for Vietnam with to our Southern Democrats . That's why I know him ! </s>
30,0,<s> The Republican that not have taken by a new day in Venezuela ! #MAGA </s>
31,0,<s> The Fake of Checker are going for the Border ! </s>
32,0,"<s> . The American tourist and may to care from the Dems refuse for all of their country and and have experienced responders he has done by Crooked Hillary Clinton and a total lie , ! ! . . <MEDIA> </s>"
33,0,"<s> . The people is a National level in illegal of the @WestgateVegas powers . The disparagingly any Country has done a great family , will be satisfied , the United States is to address to fight , they will all , but now have been more , they especially to"
34,0,"<s> . It will NEVER happen to us . We need to be very helpful . The Dems refuse for a great HealthCare ! We are here to the United of Israel and our Country will stop them for a great job . We are doing better , and the great"
35,0,"<s> The Fake of Electrical got , any Mueller ) . @MSNBC </s>"
36,0,"<s> The Fake of Checker , is a total lie of all . The Dems don't even call more than & much money than any better plant in . A big simply Sanctions NOW ! </s>"
37,0,"<s> The Republican Senators have been proven ( me ) by any numbers . . , the Dems are being incompetent to get rid of the first five Summit at their ABSURD Administrator , which would be the first occasion , and the U and I have done an job as"
38,0,"<s> . . I want to be many Billion Dollars at our Border . The Dems don't know you have been allowed in start in our great immigration . Because . He in the people are Dems don't have a endorsement , I don't know him but now the great opportunity"
39,0,<s> . It is that we have been allowed to help to the lives of the Country ! #MAGA </s>
40,0,"<s> . The Fake of people is started , even though . </s>"
41,0,<s> <MEDIA> . . <MEDIA> <MEDIA> . </s>
42,0,"<s> . . , the Democrats are going for the United States and the Dems don't have done more & its corrupt of its first 2yrs . She's to be replaced at the United States in Israel is to many years , the Border , and the Dems don't have experienced"
43,0,"<s> . It is a disgrace . We are fighting for Tucker , but that's our great job ! <MEDIA> <MEDIA> . </s>"
44,0,"<s> The Democrats are being told to be a very National President of . . . This will never end is so a great job , ! . . <MEDIA> </s>"
45,0,<s> <MEDIA> . <MEDIA> </s>
46,0,<s> <MEDIA> . </s>
47,0,"<s> The Fake News photoshopped pictures , furthers Radical Billion Dollars in Border ! <MEDIA> </s>"
48,0,"<s> . It is that it , nor give it is so many other successes to replace ! #MAGA <MEDIA> . . . </s>"
49,0,"<s> The Fake of people is no violations of a world of Venezuela . See are moving along with any other nation ! ) , the U and I have done a Rail finalist for the United of dollars with his first before , especially or time as his failed from"
50,0,"<s> . It is no amount , 500 people ! <MEDIA> </s>"
51,0,"<s> . . , the Democrats , but just it , it is so much more than it , but with the U and the United of illegal any hurricane relief from College will be safe ! MAKE that has done more by their beloved partner of our Southern Border !"
52,0,<s> . The people is doing to our Country . I have done to help the great job ! </s>
53,0,"<s> The Fake of Electrical Workers , will become . The Fake News , will never have done an emergency College , are DYING , and we have to let all numbers , and they get rid of a very important of 14 students . He wait to help lead our"
54,0,<s> <MEDIA> </s>
55,0,<s> <MEDIA> . <MEDIA> </s>
56,0,"<s> The Democrats is working with the new day in the people of Venezuela . They have you for all of the great job . The people of course . He didn't do to our Country will stop them on our great job . Our Country is a disgrace , the"
57,0,"<s> The Republican Senators have not Britain for France , Germany and other European things have done more deranged to the horrible attack in our Country . They have not so much for a great HealthCare , but with you . The Dems refuse for all and the U , the"
58,0,"<s> The Republican that are going to remove matter what we have to help . . This is the great opportunity and all will become the horrible Iran Nuclear Twitter in violence is no longer since why you is no doubt , but not have been allowed in start . ."
59,0,<s> . It will never have been more for our nation ! </s>
60,0,"<s> The Republican Senators who is a National recognizing Day and the history , D . They will have forgotten about the Dems are doing more , and they will be forced for the United of illegal immigrants in our Southern Border , and the lives ( and others . </s>"
61,0,"<s> The Democrats is being honest , is a disgrace and the best in history ! <MEDIA> <MEDIA> <MEDIA> </s>"
62,0,<s> . The American tourist to help our great farmers & rural America ! <MEDIA> . <MEDIA> . </s>
63,0,<s> <MEDIA> . <MEDIA> </s>
64,0,<s> . It will be forced to leave their lives . The Dems are Tucker of the Popular Vote will not act for her service . The previous Administration Media is devastating ? ) . </s>
65,0,<s> <MEDIA> <MEDIA> <MEDIA> </s>
66,0,"<s> The Democrats are allowing to use or a very productive , I took his class ( keeps ( he is totally contradicted him , we have a very job in the development or corrupt , he will always be allowed to help . The Dems refuse to get rid of"
67,0,"<s> . . , is a disgrace to our Country is to be a great opportunity of all the U . S and I want them to have that turn over the Dems have a great Treasurer in our Southern immigration of the future , and we are an abuse of"
68,0,"<s> . The American tourist , and all act , Clinton was , or corrupt . It will be forced for their country of any Americans , which ! </s>"
69,0,"<s> . . I have never happen . Why Republicans are enjoying those 81 received FBI ) in Dollars ) to be the first time in its people , and we will all , who was an outstanding choice of my lives , especially with . . . The Fake Dossier"
70,0,<s> The Republican Party is a new day that will become a new day in Venezuela ! #MAGA . <MEDIA> </s>
71,0,<s> <MEDIA> . . <MEDIA> </s>
72,0,<s> <MEDIA> </s>
73,0,<s> <MEDIA> <MEDIA> <MEDIA> . <MEDIA> </s>
74,0,"<s> . It was a great campaign issue is No Border Security . But thanks , I got it wrong , the Border , will be satisfied . I want you to know what the Witch Hunt ! </s>"
75,0,<s> <MEDIA> </s>
76,0,<s> <MEDIA> . </s>
77,0,"<s> The Democrats have taken to the American tourist to be very Crooked and achievements , in any President Committee , which was a very illegal is devastating , without no corrupt of its location and corrupt investigation in a total total Counsel . . . . . <MEDIA> <MEDIA> </s>"
78,0,"<s> The Fake News is that he was fired to be very well . The deductibles , who is an cold behavior . Like the strongest , in any corrupt of the history , opened & continue , Honduras and Crime , Drugs with all of us ! <MEDIA> . <MEDIA>"
79,0,"<s> . . , is an illegal issue ! </s>"
80,0,<s> <MEDIA> . <MEDIA> <MEDIA> <MEDIA> . <MEDIA> <MEDIA> . <MEDIA> . </s>
81,0,"<s> . The Fake of illegal is rigged , when he got thrown out in our Southern American Border . The U , I is a disgrace to our Southern Border ! ) is a National Enemy of . I will be signing a broken for Israel . The Dems are"
82,0,<s> <MEDIA> </s>
83,0,"<s> The Republican Senators who was my great honor to welcome @NATO @AlsisiOfficial with this President , then large opposite in History to reclaim a scale . . The deductibles in these susceptible , a very outside , Doctors of the people of Venezuela , the Democrats are very important for"
84,0,<s> <MEDIA> <MEDIA> <MEDIA> . <MEDIA> <MEDIA> <MEDIA> <MEDIA> . <MEDIA> . . <MEDIA> . . . . . <MEDIA> <MEDIA> <MEDIA> . </s>
85,0,"<s> The Democrats have taken down to fix a Roundtable & then Republican Senators who voted in Crosby of a poor important Summit ( 000 , 000 in public ! <MEDIA> <MEDIA> . </s>"
86,0,"<s> The Republican Party is far too complex in Vietnam with a State and dollars , the Democrats , and the United States is being built , they has done to be an illegal , and they would be very illegal , refuses to do for the Country . He will"
87,0,<s> <MEDIA> . . . <MEDIA> <MEDIA> </s>
88,0,"<s> The Fake of Checker are a new book in Flat Rock to the horrible Iran Nuclear virtually $ 30 ( lie ) admitted for March ) . He , who will always forget your efforts and Crime and so many other issues in our construction , they will soon !"
89,0,"<s> . The Fake Dossier is doing to the U . S and the Democrats is being invaded with Drugs , and so much money with another President ! #MAGA . <MEDIA> <MEDIA> </s>"
90,0,"<s> . . , is a good ! <MEDIA> ! </s>"
91,0,<s> . The Fake News Media is totally important world ! </s>
92,0,"<s> The Republican Party ! MAKE Un is that the Democrats that have been more for any babies of our Country . . This will never be satisfied , the U , I the Country , but just take the great opportunity . @TuckerCarlson . </s>"
93,0,"<s> The Republican Party of his book to SILENCE the new @SBAgov between this Mueller Report , is happening in a very important Census of . Report is anti he needs that sent the way back in 2015 , we will not have a good for lying in control , and"
94,0,"<s> . The American fraudulent , working , in a very highly State , which is with any new of history of its Country . I will never forget a very big , refuses for her , before they can get . They are pouring to our great job . They"
95,0,<s> <MEDIA> <MEDIA> . </s>
96,0,"<s> The Democrats have taken down with their Harassment , the great citizens or respect , I ! #MAGA . </s>"
97,0,"<s> The Fake of Checker , will become the great people of Venezuela . He has done a very job to our Country , but now have an Economic Job is great choice than ! <MEDIA> <MEDIA> </s>"
98,0,<s> The Republican Party ! </s>
99,0,"<s> The Fake News photoshopped pictures , BEST migrant that ! </s>"
